Método,Media,Varianza,Desviación Estándar,N
Caso Base,5227729.05436924,532782137316.22064,729919.2676702134,100
Múltiples Variables de Control,5454566.112052644,1925709292.9101996,43882.90433540378,100
