Método,Media,Varianza,Desviación Estándar,N
Caso Base,5227729.05436924,532782137316.22064,729919.2676702134,100
Variables Antitéticas,5238036.0,330318543269.38776,574733.4541066735,50
