Método,Media,Varianza,Desviación Estándar,N
Caso Base,5227729.05436924,532782137316.22064,729919.2676702134,100
Variable de Control,5533393.667695915,24513485743.695442,156567.83112662524,100
