Método,Media,Varianza,Desviación Estándar,N
Caso Base,5227729.05436924,5327821373.162207,72991.92676702134,100
Variables Antitéticas,5098634.0,4800084058.040816,69282.63893675541,50
